{"testLog": "test", "iteration": 402, "_timestamp": 1587064515.2615826, "_step": 0, "_runtime": 292.39781403541565}
